name,score
diddy,10024.906606674194
diddy,10049.813227653503
