name,score
diddy,10024.906606674194
diddy,10049.813227653503
Diddy,9315.853452682495
Diddy,9931.58534526825
Diddy,10249.066066741943
Diddy,1566941.725041628
BOBBY,9019
BOBBY,9019.390051364899
BITCH,11584
POOPY,11265
MAXYP,10360
HELLO,10360
HELLO,10360
HELLO,10360
HELLO,10360
HELLO,10029
POOPY,10224
POOPY,10224.414920806885
FOOPY,7561
HUKHH,9087
POOPY,9885
POOPY,9885.975575447083
HIBOO,68265
HIBOO,68265.74921607971
HEYOI,142168
